,accuracy,f1,roc_auc
Dummy,0.5754166666666667,0.34045307443365697,0.5136705855466965
LogisticRegression,0.8275,0.7076271186440678,0.8746905312071505
DecisionTree,0.8720833333333333,0.7924273157538878,0.8950488167182977
RandomForest,0.9116666666666666,0.8519553072625698,0.9581328398760856
HistGradientBoosting,0.9241666666666667,0.8773584905660378,0.9665146831039562
AdaBoost,0.83625,0.7234342012667135,0.899413516962064
GradientBoosting,0.90375,0.8401384083044983,0.9553603168960438
