experiment_id,dataset,seed,model_summary,optimizer,lr,momentum,weight_decay,epochs_trained,best_val_accuracy,best_val_loss,test_accuracy,test_loss,best_epoch,training_time,early_stopped,early_stopped_epoch
E1,EMNIST_Balanced,42,"MLP_[256, 128]_noBN_noDO",Adam,0.001,,0.0,30,0.830540780141844,0.6589179368729287,0.8271808510638298,0.6876526032610143,10,517.5928318500519,False,
E2,EMNIST_Balanced,42,"MLP_[256, 128]_noBN_DO0.3",Adam,0.001,,0.0,30,0.8374113475177305,0.49351549288059804,0.8290425531914893,0.51582192141959,29,542.4352550506592,False,
E3,EMNIST_Balanced,42,"MLP_[256, 128]_BN_noDO",Adam,0.001,,0.0,30,0.8392287234042554,0.6367119178704336,0.8353191489361702,0.6807699817799507,9,482.76976251602173,False,
E4,EMNIST_Balanced,42,"MLP_[256, 128]_BN_noDO",Adam,0.001,,0.0,15,0.8472517730496454,0.49811201674718386,0.8425,0.5272750909277734,9,242.93828964233398,True,14
O1,EMNIST_Balanced,42,"MLP_[256, 128]_BN_noDO",Adam,0.1,,0.0,8,0.8125443262411347,0.6011355263121585,0.8055851063829788,0.6345639067000531,7,140.86111521720886,False,
O2,EMNIST_Balanced,42,"MLP_[256, 128]_BN_noDO",Adam,1e-05,,0.0,8,0.6740691489361702,1.6268886131597748,0.6675,1.635254499354261,7,129.54128098487854,False,
O3,EMNIST_Balanced,42,"MLP_[256, 128]_BN_noDO",SGD,0.01,0.9,0.0001,15,0.8440602836879433,0.4777084599995444,0.8379255319148936,0.4949580683860373,9,242.1413218975067,False,
